<application>
  <component name="libraryTable">
    <library name="appcompat-v7-23.0.1-sources">
      <CLASSES />
      <JAVADOC />
      <SOURCES>
        <root url="jar://E:/GitHub/wap2app/lib/appcompat-v7-23.0.1-sources.jar!/" />
      </SOURCES>
    </library>
    <library name="dmc">
      <CLASSES>
        <root url="jar://E:/Android Studio/TVGuoPhoneApp/libs/dmc.jar!/" />
      </CLASSES>
      <JAVADOC />
      <SOURCES />
    </library>
    <library name="gson-2.2.4">
      <CLASSES>
        <root url="jar://E:/Android Studio/tvguoearphone/PhoneAudioClient/libs/gson-2.2.4.jar!/" />
      </CLASSES>
      <JAVADOC />
      <SOURCES />
    </library>
    <library name="netty-3.10.5.Final">
      <CLASSES>
        <root url="jar://E:/Android Studio/AndroidMirror/libs/netty-3.10.5.Final.jar!/" />
      </CLASSES>
      <JAVADOC />
      <SOURCES />
    </library>
  </component>
</application>