<application>
  <component name="FileTypeManager" version="18">
    <extensionMap>
      <mapping pattern="trim_process_pic" type="AUTO_DETECTED" />
      <mapping pattern="trim_process_pie" type="AUTO_DETECTED" />
      <mapping ext="gradle.kts" type="Kotlin" />
      <mapping ext="main.kts" type="Kotlin" />
      <mapping ext="mp3" type="PLAIN_TEXT" />
      <mapping ext="mp4" type="PLAIN_TEXT" />
      <mapping ext="lic" type="PLAIN_TEXT" />
      <removed_mapping ext="apk" approved="true" type="ARCHIVE" />
      <removed_mapping ext="psd" approved="true" type="Image" />
    </extensionMap>
  </component>
</application>